날짜,메뉴,선호도,기온(°C),계절,1학년_남,1학년_여,2학년_남,2학년_여,3학년_남,3학년_여,체육대회,현장체험학습,점심행사,잔반량(kg)
2025-03-03,비빔국수,4,18.9,봄,32,49,50,49,46,44,False,False,False,25.9
2025-03-03,미역국,3,18.9,봄,32,49,50,49,46,44,False,False,False,38.8
2025-03-03,달걀찜,1,18.9,봄,32,49,50,49,46,44,False,False,False,64.7
2025-03-03,닭죽,4,18.9,봄,32,49,50,49,46,44,False,False,False,25.9
2025-03-03,깻잎찜,4,18.9,봄,32,49,50,49,46,44,False,False,False,25.9
2025-03-05,바지락 미역국,3,14.0,봄,38,46,35,45,32,49,False,False,True,31.5
2025-03-05,무생채,3,14.0,봄,38,46,35,45,32,49,False,False,True,31.5
2025-03-05,새우전,2,14.0,봄,38,46,35,45,32,49,False,False,True,42.0
2025-03-05,나박김치,4,14.0,봄,38,46,35,45,32,49,False,False,True,21.0
2025-03-05,돌나물무침,3,14.0,봄,38,46,35,45,32,49,False,False,True,31.5
2025-03-06,느타리버섯볶음,4,15.3,봄,36,42,33,45,46,40,False,False,False,23.2
2025-03-06,카레라이스,4,15.3,봄,36,42,33,45,46,40,False,False,False,23.2
2025-03-06,연근조림,1,15.3,봄,36,42,33,45,46,40,False,False,False,58.0
2025-03-06,폭찹,4,15.3,봄,36,42,33,45,46,40,False,False,False,23.2
2025-03-06,달걀찜,2,15.3,봄,36,42,33,45,46,40,False,False,False,46.4
2025-03-10,떡만두국,2,17.2,봄,41,44,48,49,44,48,True,False,False,57.8
2025-03-10,김치국,4,17.2,봄,41,44,48,49,44,48,True,False,False,28.9
2025-03-10,콩나물잡채,3,17.2,봄,41,44,48,49,44,48,True,False,False,43.4
2025-03-10,오므라이스,2,17.2,봄,41,44,48,49,44,48,True,False,False,57.8
2025-03-10,미트볼조림,3,17.2,봄,41,44,48,49,44,48,True,False,False,43.4
2025-03-12,닭곰탕,2,12.6,봄,34,40,30,32,46,38,False,False,False,42.3
2025-03-12,순대,3,12.6,봄,34,40,30,32,46,38,False,False,False,31.8
2025-03-12,갓김치,4,12.6,봄,34,40,30,32,46,38,False,False,False,21.2
2025-03-12,흑미밥,4,12.6,봄,34,40,30,32,46,38,False,False,False,21.2
2025-03-12,깻잎김치,4,12.6,봄,34,40,30,32,46,38,False,False,False,21.2
2025-03-13,부추전,3,13.8,봄,31,45,35,38,30,37,False,False,False,30.8
2025-03-13,물냉면,4,13.8,봄,31,45,35,38,30,37,False,False,False,20.5
2025-03-13,현미밥,3,13.8,봄,31,45,35,38,30,37,False,False,False,30.8
2025-03-13,스크램블드에그,4,13.8,봄,31,45,35,38,30,37,False,False,False,20.5
2025-03-13,해물콩나물찜,4,13.8,봄,31,45,35,38,30,37,False,False,False,20.5
2025-03-14,제육볶음,5,14.1,봄,40,37,50,39,39,49,False,False,False,12.2
2025-03-14,고추잡채,1,14.1,봄,40,37,50,39,39,49,False,False,False,61.1
2025-03-14,잔치국수,4,14.1,봄,40,37,50,39,39,49,False,False,False,24.5
2025-03-14,닭곰탕,3,14.1,봄,40,37,50,39,39,49,False,False,False,36.7
2025-03-14,재첩국,3,14.1,봄,40,37,50,39,39,49,False,False,False,36.7
2025-03-17,미트볼조림,1,13.7,봄,44,42,37,42,38,46,False,False,False,59.5
2025-03-17,만두탕수,4,13.7,봄,44,42,37,42,38,46,False,False,False,23.8
2025-03-17,절편,4,13.7,봄,44,42,37,42,38,46,False,False,False,23.8
2025-03-17,고등어구이,1,13.7,봄,44,42,37,42,38,46,False,False,False,59.5
2025-03-17,콩나물국,3,13.7,봄,44,42,37,42,38,46,False,False,False,35.7
2025-03-18,짜장밥,4,16.1,봄,40,41,41,36,46,34,False,False,False,22.9
2025-03-18,숙주나물,3,16.1,봄,40,41,41,36,46,34,False,False,False,34.3
2025-03-18,멘보샤,3,16.1,봄,40,41,41,36,46,34,False,False,False,34.3
2025-03-18,갈비탕,5,16.1,봄,40,41,41,36,46,34,False,False,False,11.4
2025-03-18,육개장,4,16.1,봄,40,41,41,36,46,34,False,False,False,22.9
2025-03-21,순대,3,14.0,봄,48,30,35,47,33,35,False,False,False,32.7
2025-03-21,부대찌개,3,14.0,봄,48,30,35,47,33,35,False,False,False,32.7
2025-03-21,콩나물국,4,14.0,봄,48,30,35,47,33,35,False,False,False,21.8
2025-03-21,햄전,4,14.0,봄,48,30,35,47,33,35,False,False,False,21.8
2025-03-21,돌나물무침,4,14.0,봄,48,30,35,47,33,35,False,False,False,21.8
2025-03-24,잡채,4,12.4,봄,32,37,50,35,46,46,False,False,False,23.8
2025-03-24,짜장면,2,12.4,봄,32,37,50,35,46,46,False,False,False,47.6
2025-03-24,완자전,4,12.4,봄,32,37,50,35,46,46,False,False,False,23.8
2025-03-24,달걀말이,3,12.4,봄,32,37,50,35,46,46,False,False,False,35.7
2025-03-24,만두탕수,2,12.4,봄,32,37,50,35,46,46,False,False,False,47.6
2025-03-25,닭볶음,5,19.9,봄,42,45,48,43,50,32,False,False,False,12.5
2025-03-25,잡곡밥,3,19.9,봄,42,45,48,43,50,32,False,False,False,37.4
2025-03-25,열무김치,3,19.9,봄,42,45,48,43,50,32,False,False,False,37.4
2025-03-25,미역줄기볶음,5,19.9,봄,42,45,48,43,50,32,False,False,False,12.5
2025-03-25,하이라이스,2,19.9,봄,42,45,48,43,50,32,False,False,False,49.9
2025-03-27,비빔밥,1,13.7,봄,31,36,35,44,49,31,False,False,False,54.5
2025-03-27,미숫가루,1,13.7,봄,31,36,35,44,49,31,False,False,False,54.5
2025-03-27,탕수육,5,13.7,봄,31,36,35,44,49,31,False,False,False,10.9
2025-03-27,애호박전,1,13.7,봄,31,36,35,44,49,31,False,False,False,54.5
2025-03-27,불낙전골,1,13.7,봄,31,36,35,44,49,31,False,False,False,54.5
2025-03-28,버섯전,4,17.3,봄,45,48,31,48,35,33,False,False,False,22.7
2025-03-28,새송이버섯전,3,17.3,봄,45,48,31,48,35,33,False,False,False,34.1
2025-03-28,연근조림,1,17.3,봄,45,48,31,48,35,33,False,False,False,56.8
2025-03-28,꽃게탕,4,17.3,봄,45,48,31,48,35,33,False,False,False,22.7
2025-03-28,현미밥,3,17.3,봄,45,48,31,48,35,33,False,False,False,34.1
2025-03-31,절편,4,13.1,봄,37,48,33,36,49,34,False,False,False,22.7
2025-03-31,혼합잡곡밥,3,13.1,봄,37,48,33,36,49,34,False,False,False,34.1
2025-03-31,청국장찌개,2,13.1,봄,37,48,33,36,49,34,False,False,False,45.4
2025-03-31,깻잎찜,3,13.1,봄,37,48,33,36,49,34,False,False,False,34.1
2025-03-31,물냉면,3,13.1,봄,37,48,33,36,49,34,False,False,False,34.1
2025-04-01,시금치나물,4,13.6,봄,46,39,42,36,46,33,False,False,False,23.3
2025-04-01,오이김치,4,13.6,봄,46,39,42,36,46,33,False,False,False,23.3
2025-04-01,카레라이스,5,13.6,봄,46,39,42,36,46,33,False,False,False,11.6
2025-04-01,핫도그,2,13.6,봄,46,39,42,36,46,33,False,False,False,46.5
2025-04-01,해물콩나물찜,2,13.6,봄,46,39,42,36,46,33,False,False,False,46.5
2025-04-02,잡곡밥,4,15.4,봄,42,30,47,44,50,32,False,False,False,23.7
2025-04-02,과일샐러드,3,15.4,봄,42,30,47,44,50,32,False,False,False,35.5
2025-04-02,기장밥,1,15.4,봄,42,30,47,44,50,32,False,False,False,59.2
2025-04-02,노각무침,3,15.4,봄,42,30,47,44,50,32,False,False,False,35.5
2025-04-02,감자튀김,5,15.4,봄,42,30,47,44,50,32,False,False,False,11.8
2025-04-04,갓김치,2,14.9,봄,32,48,37,47,46,30,False,False,False,45.9
2025-04-04,깻잎김치,4,14.9,봄,32,48,37,47,46,30,False,False,False,22.9
2025-04-04,폭찹,3,14.9,봄,32,48,37,47,46,30,False,False,False,34.4
2025-04-04,게맛살튀김,5,14.9,봄,32,48,37,47,46,30,False,False,False,11.5
2025-04-04,순대,4,14.9,봄,32,48,37,47,46,30,False,False,False,22.9
2025-04-07,쌀국수,1,18.1,봄,35,40,37,44,33,35,False,False,False,53.4
2025-04-07,단무지무침,3,18.1,봄,35,40,37,44,33,35,False,False,False,32.0
2025-04-07,콩비지찌개,3,18.1,봄,35,40,37,44,33,35,False,False,False,32.0
2025-04-07,깻잎김치,2,18.1,봄,35,40,37,44,33,35,False,False,False,42.7
2025-04-07,시금치나물,2,18.1,봄,35,40,37,44,33,35,False,False,False,42.7
2025-04-08,깻잎찜,2,18.6,봄,44,50,34,43,35,36,False,False,False,45.9
2025-04-08,달걀말이,4,18.6,봄,44,50,34,43,35,36,False,False,False,22.9
2025-04-08,닭죽,2,18.6,봄,44,50,34,43,35,36,False,False,False,45.9
2025-04-08,북어국,3,18.6,봄,44,50,34,43,35,36,False,False,False,34.4
2025-04-08,잡채,2,18.6,봄,44,50,34,43,35,36,False,False,False,45.9
2025-04-09,잔치국수,4,17.8,봄,36,43,44,30,33,49,False,False,False,22.5
2025-04-09,오이부추무침,2,17.8,봄,36,43,44,30,33,49,False,False,False,45.0
2025-04-09,탕평채,3,17.8,봄,36,43,44,30,33,49,False,False,False,33.8
2025-04-09,닭다리조림,3,17.8,봄,36,43,44,30,33,49,False,False,False,33.8
2025-04-09,만두탕수,2,17.8,봄,36,43,44,30,33,49,False,False,False,45.0
2025-04-10,혼합잡곡밥,3,14.8,봄,48,41,46,35,41,33,False,False,False,35.1
2025-04-10,검정콩밥,2,14.8,봄,48,41,46,35,41,33,False,False,False,46.7
2025-04-10,단무지,3,14.8,봄,48,41,46,35,41,33,False,False,False,35.1
2025-04-10,열무김치,3,14.8,봄,48,41,46,35,41,33,False,False,False,35.1
2025-04-10,콩나물무침,3,14.8,봄,48,41,46,35,41,33,False,False,False,35.1
2025-04-11,오이생채,4,15.5,봄,48,44,30,47,30,44,False,False,False,23.0
2025-04-11,삼겹살구이,2,15.5,봄,48,44,30,47,30,44,False,False,False,46.1
2025-04-11,해물파전,3,15.5,봄,48,44,30,47,30,44,False,False,False,34.5
2025-04-11,흑미밥,4,15.5,봄,48,44,30,47,30,44,False,False,False,23.0
2025-04-11,돼지갈비찜,5,15.5,봄,48,44,30,47,30,44,False,False,False,11.5
2025-04-14,꿀떡,3,14.2,봄,41,35,40,33,32,46,False,False,False,32.6
2025-04-14,감자튀김,5,14.2,봄,41,35,40,33,32,46,False,False,False,10.9
2025-04-14,부추전,1,14.2,봄,41,35,40,33,32,46,False,False,False,54.4
2025-04-14,육개장,4,14.2,봄,41,35,40,33,32,46,False,False,False,21.8
2025-04-14,달걀찜,2,14.2,봄,41,35,40,33,32,46,False,False,False,43.5
2025-04-15,미역국,2,14.6,봄,39,36,35,40,44,31,False,False,False,43.2
2025-04-15,떡볶이,5,14.6,봄,39,36,35,40,44,31,False,False,False,10.8
2025-04-15,어묵볶음,5,14.6,봄,39,36,35,40,44,31,False,False,False,10.8
2025-04-15,새송이버섯전,3,14.6,봄,39,36,35,40,44,31,False,False,False,32.4
2025-04-15,무나물,4,14.6,봄,39,36,35,40,44,31,False,False,False,21.6
2025-04-16,김치전,3,13.9,봄,39,39,36,31,36,36,False,False,False,31.1
2025-04-16,새우튀김,5,13.9,봄,39,39,36,31,36,36,False,False,False,10.4
2025-04-16,북어국,3,13.9,봄,39,39,36,31,36,36,False,False,False,31.1
2025-04-16,꼬리곰탕,3,13.9,봄,39,39,36,31,36,36,False,False,False,31.1
2025-04-16,혼합잡곡밥,2,13.9,봄,39,39,36,31,36,36,False,False,False,41.5
2025-04-17,혼합잡곡밥,4,12.3,봄,30,41,37,41,43,39,False,False,False,22.2
2025-04-17,닭꼬치구이,4,12.3,봄,30,41,37,41,43,39,False,False,False,22.2
2025-04-17,닭볶음,5,12.3,봄,30,41,37,41,43,39,False,False,False,11.1
2025-04-17,마라탕,4,12.3,봄,30,41,37,41,43,39,False,False,False,22.2
2025-04-17,탕평채,4,12.3,봄,30,41,37,41,43,39,False,False,False,22.2
2025-04-18,오리불고기,3,18.4,봄,30,35,36,37,34,38,False,False,False,30.2
2025-04-18,옥수수밥,2,18.4,봄,30,35,36,37,34,38,False,False,False,40.3
2025-04-18,과일샐러드,4,18.4,봄,30,35,36,37,34,38,False,False,False,20.1
2025-04-18,깻잎김치,2,18.4,봄,30,35,36,37,34,38,False,False,False,40.3
2025-04-18,카레라이스,4,18.4,봄,30,35,36,37,34,38,False,False,False,20.1
2025-04-21,꽃게탕,3,17.7,봄,31,34,35,47,36,39,False,False,False,31.9
2025-04-21,애호박전,3,17.7,봄,31,34,35,47,36,39,False,False,False,31.9
2025-04-21,오징어튀김,5,17.7,봄,31,34,35,47,36,39,False,False,False,10.6
2025-04-21,갈비탕,4,17.7,봄,31,34,35,47,36,39,False,False,False,21.3
2025-04-21,잡채,3,17.7,봄,31,34,35,47,36,39,False,False,False,31.9
2025-04-22,제육볶음,5,16.5,봄,30,45,41,34,45,34,False,False,False,11.0
2025-04-22,꼬리곰탕,4,16.5,봄,30,45,41,34,45,34,False,False,False,22.0
2025-04-22,메밀소바,2,16.5,봄,30,45,41,34,45,34,False,False,False,44.0
2025-04-22,팔보채,3,16.5,봄,30,45,41,34,45,34,False,False,False,33.0
2025-04-22,콩나물무침,2,16.5,봄,30,45,41,34,45,34,False,False,False,44.0
2025-04-23,떡국,3,14.5,봄,39,44,30,50,40,32,False,False,False,33.5
2025-04-23,잔치국수,3,14.5,봄,39,44,30,50,40,32,False,False,False,33.5
2025-04-23,어묵볶음,4,14.5,봄,39,44,30,50,40,32,False,False,False,22.4
2025-04-23,꿀떡,3,14.5,봄,39,44,30,50,40,32,False,False,False,33.5
2025-04-23,콩나물무침,1,14.5,봄,39,44,30,50,40,32,False,False,False,55.9
2025-04-24,메밀소바,3,17.9,봄,30,34,42,34,46,46,False,True,True,21.2
2025-04-24,미역국,4,17.9,봄,30,34,42,34,46,46,False,True,True,14.2
2025-04-24,꼬리곰탕,4,17.9,봄,30,34,42,34,46,46,False,True,True,14.2
2025-04-24,갈비탕,4,17.9,봄,30,34,42,34,46,46,False,True,True,14.2
2025-04-24,콩나물무침,2,17.9,봄,30,34,42,34,46,46,False,True,True,28.3
2025-04-25,무나물,2,15.8,봄,32,47,35,49,37,49,False,False,False,47.5
2025-04-25,굴비구이,3,15.8,봄,32,47,35,49,37,49,False,False,False,35.6
2025-04-25,삼겹살구이,3,15.8,봄,32,47,35,49,37,49,False,False,False,35.6
2025-04-25,스크램블드에그,3,15.8,봄,32,47,35,49,37,49,False,False,False,35.6
2025-04-25,보쌈김치,2,15.8,봄,32,47,35,49,37,49,False,False,False,47.5
2025-04-28,제육볶음,5,18.0,봄,31,41,43,43,30,34,False,False,False,10.6
2025-04-28,오징어튀김,5,18.0,봄,31,41,43,43,30,34,False,False,False,10.6
2025-04-28,부대찌개,3,18.0,봄,31,41,43,43,30,34,False,False,False,31.7
2025-04-28,무나물,2,18.0,봄,31,41,43,43,30,34,False,False,False,42.3
2025-04-28,노각무침,4,18.0,봄,31,41,43,43,30,34,False,False,False,21.2
2025-04-29,피자,2,16.1,봄,44,37,30,37,36,50,False,False,False,44.8
2025-04-29,임연수구이,2,16.1,봄,44,37,30,37,36,50,False,False,False,44.8
2025-04-29,탕수육,5,16.1,봄,44,37,30,37,36,50,False,False,False,11.2
2025-04-29,닭다리조림,4,16.1,봄,44,37,30,37,36,50,False,False,False,22.4
2025-04-29,섞박지,3,16.1,봄,44,37,30,37,36,50,False,False,False,33.6
2025-04-30,오징어튀김,4,14.1,봄,38,35,37,39,50,34,False,False,False,22.5
2025-04-30,검정콩밥,3,14.1,봄,38,35,37,39,50,34,False,False,False,33.7
2025-04-30,보쌈김치,3,14.1,봄,38,35,37,39,50,34,False,False,False,33.7
2025-04-30,잡채,3,14.1,봄,38,35,37,39,50,34,False,False,False,33.7
2025-04-30,두부조림,2,14.1,봄,38,35,37,39,50,34,False,False,False,45.0
2025-05-01,메밀소바,2,12.9,봄,40,33,44,35,49,48,False,False,False,48.3
2025-05-01,계란빵,3,12.9,봄,40,33,44,35,49,48,False,False,False,36.2
2025-05-01,검정콩밥,3,12.9,봄,40,33,44,35,49,48,False,False,False,36.2
2025-05-01,김치전,4,12.9,봄,40,33,44,35,49,48,False,False,False,24.1
2025-05-01,유채나물,2,12.9,봄,40,33,44,35,49,48,False,False,False,48.3
2025-05-02,쌀밥,4,14.7,봄,36,41,40,49,34,35,False,False,False,22.4
2025-05-02,해물파전,2,14.7,봄,36,41,40,49,34,35,False,False,False,44.8
2025-05-02,물냉면,3,14.7,봄,36,41,40,49,34,35,False,False,False,33.6
2025-05-02,잡곡밥,3,14.7,봄,36,41,40,49,34,35,False,False,False,33.6
2025-05-02,닭튀김,5,14.7,봄,36,41,40,49,34,35,False,False,False,11.2
2025-05-05,재첩국,3,14.6,봄,47,40,48,47,40,48,False,False,False,38.8
2025-05-05,스파게티,2,14.6,봄,47,40,48,47,40,48,False,False,False,51.8
2025-05-05,삼계탕,2,14.6,봄,47,40,48,47,40,48,False,False,False,51.8
2025-05-05,오징어튀김,5,14.6,봄,47,40,48,47,40,48,False,False,False,12.9
2025-05-05,과일샐러드,1,14.6,봄,47,40,48,47,40,48,False,False,False,64.7
2025-05-06,단무지무침,3,14.4,봄,45,37,32,36,40,36,False,False,False,32.5
2025-05-06,자장면,2,14.4,봄,45,37,32,36,40,36,False,False,False,43.3
2025-05-06,검정콩밥,4,14.4,봄,45,37,32,36,40,36,False,False,False,21.6
2025-05-06,절편,4,14.4,봄,45,37,32,36,40,36,False,False,False,21.6
2025-05-06,식빵튀김,5,14.4,봄,45,37,32,36,40,36,False,False,False,10.8
2025-05-08,절편,2,19.8,봄,49,43,48,43,47,37,False,False,False,51.2
2025-05-08,오징어튀김,4,19.8,봄,49,43,48,43,47,37,False,False,False,25.6
2025-05-08,닭튀김,4,19.8,봄,49,43,48,43,47,37,False,False,False,25.6
2025-05-08,불낙전골,3,19.8,봄,49,43,48,43,47,37,False,False,False,38.4
2025-05-08,어묵국,1,19.8,봄,49,43,48,43,47,37,False,False,False,64.0
2025-05-09,배추김치,4,16.9,봄,44,33,30,35,36,39,False,False,False,20.8
2025-05-09,연근조림,3,16.9,봄,44,33,30,35,36,39,False,False,False,31.2
2025-05-09,소불고기,3,16.9,봄,44,33,30,35,36,39,False,False,False,31.2
2025-05-09,두부김치,4,16.9,봄,44,33,30,35,36,39,False,False,False,20.8
2025-05-09,시금치나물,2,16.9,봄,44,33,30,35,36,39,False,False,False,41.6
2025-05-12,열무김치,4,14.8,봄,36,33,49,49,35,49,False,False,False,24.1
2025-05-12,백김치,3,14.8,봄,36,33,49,49,35,49,False,False,False,36.2
2025-05-12,미역국,3,14.8,봄,36,33,49,49,35,49,False,False,False,36.2
2025-05-12,연근조림,3,14.8,봄,36,33,49,49,35,49,False,False,False,36.2
2025-05-12,갓김치,1,14.8,봄,36,33,49,49,35,49,False,False,False,60.3
2025-05-16,짜장면,1,18.0,봄,46,50,39,41,46,41,False,False,False,62.8
2025-05-16,미역국,3,18.0,봄,46,50,39,41,46,41,False,False,False,37.7
2025-05-16,마늘쫑볶음,5,18.0,봄,46,50,39,41,46,41,False,False,False,12.6
2025-05-16,단무지,1,18.0,봄,46,50,39,41,46,41,False,False,False,62.8
2025-05-16,섞박지,2,18.0,봄,46,50,39,41,46,41,False,False,False,50.3
2025-05-19,탕수육,4,18.1,봄,43,47,49,31,49,32,False,False,False,24.1
2025-05-19,모닝빵,3,18.1,봄,43,47,49,31,49,32,False,False,False,36.2
2025-05-19,백김치,2,18.1,봄,43,47,49,31,49,32,False,False,False,48.2
2025-05-19,게맛살튀김,4,18.1,봄,43,47,49,31,49,32,False,False,False,24.1
2025-05-19,귀리밥,3,18.1,봄,43,47,49,31,49,32,False,False,False,36.2
2025-05-20,자장면,3,17.4,봄,35,50,45,35,36,35,False,False,False,33.7
2025-05-20,오이소박이,4,17.4,봄,35,50,45,35,36,35,False,False,False,22.5
2025-05-20,폭찹,3,17.4,봄,35,50,45,35,36,35,False,False,False,33.7
2025-05-20,쫄면,3,17.4,봄,35,50,45,35,36,35,False,False,False,33.7
2025-05-20,백김치,2,17.4,봄,35,50,45,35,36,35,False,False,False,45.0
2025-05-21,애호박나물,4,13.3,봄,49,34,50,49,40,45,False,False,False,25.7
2025-05-21,골뱅이무침,4,13.3,봄,49,34,50,49,40,45,False,False,False,25.7
2025-05-21,팔보채,4,13.3,봄,49,34,50,49,40,45,False,False,False,25.7
2025-05-21,새우튀김,5,13.3,봄,49,34,50,49,40,45,False,False,False,12.8
2025-05-21,시금치나물,3,13.3,봄,49,34,50,49,40,45,False,False,False,38.5
2025-05-22,새우튀김,5,13.8,봄,33,45,35,46,37,30,False,False,False,10.7
2025-05-22,쌀국수,3,13.8,봄,33,45,35,46,37,30,False,False,False,32.2
2025-05-22,재첩국,3,13.8,봄,33,45,35,46,37,30,False,False,False,32.2
2025-05-22,소불고기,4,13.8,봄,33,45,35,46,37,30,False,False,False,21.5
2025-05-22,해물파전,4,13.8,봄,33,45,35,46,37,30,False,False,False,21.5
2025-05-26,제육볶음,5,12.1,봄,36,47,37,39,45,46,False,False,False,12.0
2025-05-26,콩나물무침,4,12.1,봄,36,47,37,39,45,46,False,False,False,24.0
2025-05-26,오징어무침,3,12.1,봄,36,47,37,39,45,46,False,False,False,36.0
2025-05-26,오므라이스,3,12.1,봄,36,47,37,39,45,46,False,False,False,36.0
2025-05-26,두부조림,4,12.1,봄,36,47,37,39,45,46,False,False,False,24.0
2025-05-27,순대,1,19.4,봄,30,37,33,48,46,50,False,False,False,58.8
2025-05-27,삼겹살구이,2,19.4,봄,30,37,33,48,46,50,False,False,False,47.0
2025-05-27,곤드레밥,3,19.4,봄,30,37,33,48,46,50,False,False,False,35.3
2025-05-27,나박김치,4,19.4,봄,30,37,33,48,46,50,False,False,False,23.5
2025-05-27,팔보채,3,19.4,봄,30,37,33,48,46,50,False,False,False,35.3
2025-05-28,단무지무침,4,19.1,봄,32,44,32,45,42,32,False,False,True,19.5
2025-05-28,무말랭이무침,4,19.1,봄,32,44,32,45,42,32,False,False,True,19.5
2025-05-28,스크램블드에그,2,19.1,봄,32,44,32,45,42,32,False,False,True,39.0
2025-05-28,백김치,4,19.1,봄,32,44,32,45,42,32,False,False,True,19.5
2025-05-28,소시지볶음,4,19.1,봄,32,44,32,45,42,32,False,False,True,19.5
2025-05-29,노각무침,3,14.4,봄,32,35,37,43,46,41,False,False,False,33.9
2025-05-29,콘치즈구이,5,14.4,봄,32,35,37,43,46,41,False,False,False,11.3
2025-05-29,잡채,2,14.4,봄,32,35,37,43,46,41,False,False,False,45.2
2025-05-29,가자미구이,3,14.4,봄,32,35,37,43,46,41,False,False,False,33.9
2025-05-29,비름나물,3,14.4,봄,32,35,37,43,46,41,False,False,False,33.9
2025-05-30,버섯전,4,12.4,봄,43,32,33,41,31,49,False,False,False,21.9
2025-05-30,깻잎김치,4,12.4,봄,43,32,33,41,31,49,False,False,False,21.9
2025-05-30,카레라이스,5,12.4,봄,43,32,33,41,31,49,False,False,False,11.0
2025-05-30,쌀밥,2,12.4,봄,43,32,33,41,31,49,False,False,False,43.9
2025-05-30,파래무침,4,12.4,봄,43,32,33,41,31,49,False,False,False,21.9
2025-06-02,핫도그,3,30.4,여름,45,36,32,42,43,41,False,False,False,29.2
2025-06-02,꼬리곰탕,3,30.4,여름,45,36,32,42,43,41,False,False,False,29.2
2025-06-02,김말이튀김,4,30.4,여름,45,36,32,42,43,41,False,False,False,19.5
2025-06-02,미역국,3,30.4,여름,45,36,32,42,43,41,False,False,False,29.2
2025-06-02,부추무침,4,30.4,여름,45,36,32,42,43,41,False,False,False,19.5
2025-06-03,미역줄기볶음,5,29.4,여름,33,35,38,50,50,33,False,False,True,10.4
2025-06-03,닭볶음,5,29.4,여름,33,35,38,50,50,33,False,False,True,10.4
2025-06-03,두부김치,1,29.4,여름,33,35,38,50,50,33,False,False,True,51.8
2025-06-03,어묵볶음,4,29.4,여름,33,35,38,50,50,33,False,False,True,20.7
2025-06-03,완자전,4,29.4,여름,33,35,38,50,50,33,False,False,True,20.7
2025-06-04,식빵튀김,5,28.9,여름,36,38,34,47,32,43,False,False,False,11.0
2025-06-04,마늘빵,1,28.9,여름,36,38,34,47,32,43,False,False,False,54.9
2025-06-04,무말랭이무침,3,28.9,여름,36,38,34,47,32,43,False,False,False,32.9
2025-06-04,콘치즈구이,4,28.9,여름,36,38,34,47,32,43,False,False,False,21.9
2025-06-04,달걀말이,3,28.9,여름,36,38,34,47,32,43,False,False,False,32.9
2025-06-05,닭강정,3,31.8,여름,48,50,44,38,42,49,False,False,False,33.0
2025-06-05,하이라이스,3,31.8,여름,48,50,44,38,42,49,False,False,False,33.0
2025-06-05,부추전,4,31.8,여름,48,50,44,38,42,49,False,False,False,22.0
2025-06-05,김치전,3,31.8,여름,48,50,44,38,42,49,False,False,False,33.0
2025-06-05,완자전,1,31.8,여름,48,50,44,38,42,49,False,False,False,55.0
2025-06-06,노각무침,4,28.1,여름,40,33,47,48,35,48,False,False,False,24.1
2025-06-06,귀리밥,3,28.1,여름,40,33,47,48,35,48,False,False,False,36.2
2025-06-06,총각김치,3,28.1,여름,40,33,47,48,35,48,False,False,False,36.2
2025-06-06,혼합잡곡밥,2,28.1,여름,40,33,47,48,35,48,False,False,False,48.2
2025-06-06,오이김치,4,28.1,여름,40,33,47,48,35,48,False,False,False,24.1
2025-06-09,기장밥,4,27.2,여름,42,47,38,34,34,43,False,False,True,20.4
2025-06-09,쌀국수,2,27.2,여름,42,47,38,34,34,43,False,False,True,40.8
2025-06-09,섞박지,3,27.2,여름,42,47,38,34,34,43,False,False,True,30.6
2025-06-09,완두콩밥,4,27.2,여름,42,47,38,34,34,43,False,False,True,20.4
2025-06-09,피자,3,27.2,여름,42,47,38,34,34,43,False,False,True,30.6
2025-06-10,총각김치,3,29.5,여름,32,32,42,32,41,36,False,False,False,31.2
2025-06-10,치즈볼,4,29.5,여름,32,32,42,32,41,36,False,False,False,20.8
2025-06-10,노각무침,2,29.5,여름,32,32,42,32,41,36,False,False,False,41.6
2025-06-10,굴비구이,4,29.5,여름,32,32,42,32,41,36,False,False,False,20.8
2025-06-10,깍두기,3,29.5,여름,32,32,42,32,41,36,False,False,False,31.2
2025-06-11,가자미튀김,5,31.0,여름,40,35,40,50,37,48,False,False,False,10.2
2025-06-11,떡만두국,2,31.0,여름,40,35,40,50,37,48,False,False,False,40.8
2025-06-11,된장찌개,4,31.0,여름,40,35,40,50,37,48,False,False,False,20.4
2025-06-11,팔보채,3,31.0,여름,40,35,40,50,37,48,False,False,False,30.6
2025-06-11,오이부추무침,4,31.0,여름,40,35,40,50,37,48,False,False,False,20.4
2025-06-12,백김치,1,25.1,여름,48,44,30,39,33,42,False,False,False,56.0
2025-06-12,달걀찜,4,25.1,여름,48,44,30,39,33,42,False,False,False,22.4
2025-06-12,새우튀김,5,25.1,여름,48,44,30,39,33,42,False,False,False,11.2
2025-06-12,소불고기,4,25.1,여름,48,44,30,39,33,42,False,False,False,22.4
2025-06-12,차조밥,2,25.1,여름,48,44,30,39,33,42,False,False,False,44.8
2025-06-13,콘치즈구이,4,30.2,여름,49,49,47,44,42,36,False,False,False,21.6
2025-06-13,임연수구이,4,30.2,여름,49,49,47,44,42,36,False,False,False,21.6
2025-06-13,달걀말이,4,30.2,여름,49,49,47,44,42,36,False,False,False,21.6
2025-06-13,쫄면,3,30.2,여름,49,49,47,44,42,36,False,False,False,32.5
2025-06-13,콩나물잡채,4,30.2,여름,49,49,47,44,42,36,False,False,False,21.6
2025-06-16,흑미밥,4,30.5,여름,40,32,38,38,50,34,False,False,False,19.1
2025-06-16,총각김치,3,30.5,여름,40,32,38,38,50,34,False,False,False,28.6
2025-06-16,무말랭이무침,4,30.5,여름,40,32,38,38,50,34,False,False,False,19.1
2025-06-16,카레라이스,5,30.5,여름,40,32,38,38,50,34,False,False,False,9.5
2025-06-16,콩나물무침,3,30.5,여름,40,32,38,38,50,34,False,False,False,28.6
2025-06-17,닭볶음,4,29.7,여름,44,38,49,34,34,34,False,False,False,22.3
2025-06-17,마늘쫑볶음,5,29.7,여름,44,38,49,34,34,34,False,False,False,11.1
2025-06-17,열무김치,4,29.7,여름,44,38,49,34,34,34,False,False,False,22.3
2025-06-17,식혜,3,29.7,여름,44,38,49,34,34,34,False,False,False,33.5
2025-06-17,탕수육,4,29.7,여름,44,38,49,34,34,34,False,False,False,22.3
2025-06-18,굴비구이,3,27.2,여름,36,46,50,47,36,42,False,False,False,36.8
2025-06-18,연근조림,3,27.2,여름,36,46,50,47,36,42,False,False,False,36.8
2025-06-18,쌀밥,4,27.2,여름,36,46,50,47,36,42,False,False,False,24.5
2025-06-18,감자국,3,27.2,여름,36,46,50,47,36,42,False,False,False,36.8
2025-06-18,돌나물무침,1,27.2,여름,36,46,50,47,36,42,False,False,False,61.4
2025-06-19,완자전,2,29.0,여름,32,41,36,35,47,44,False,False,False,45.3
2025-06-19,부추전,3,29.0,여름,32,41,36,35,47,44,False,False,False,34.0
2025-06-19,과일샐러드,4,29.0,여름,32,41,36,35,47,44,False,False,False,22.7
2025-06-19,짜장면,3,29.0,여름,32,41,36,35,47,44,False,False,False,34.0
2025-06-19,탕수육,4,29.0,여름,32,41,36,35,47,44,False,False,False,22.7
2025-06-23,오징어튀김,5,25.5,여름,45,41,33,49,40,46,False,False,False,12.1
2025-06-23,스파게티,3,25.5,여름,45,41,33,49,40,46,False,False,False,36.4
2025-06-23,노각무침,3,25.5,여름,45,41,33,49,40,46,False,False,False,36.4
2025-06-23,식혜,3,25.5,여름,45,41,33,49,40,46,False,False,False,36.4
2025-06-23,현미밥,1,25.5,여름,45,41,33,49,40,46,False,False,False,60.7
2025-06-24,오징어튀김,4,30.1,여름,33,47,34,44,38,32,False,False,False,18.4
2025-06-24,깻잎김치,2,30.1,여름,33,47,34,44,38,32,False,False,False,36.9
2025-06-24,콩나물무침,4,30.1,여름,33,47,34,44,38,32,False,False,False,18.4
2025-06-24,오이김치,3,30.1,여름,33,47,34,44,38,32,False,False,False,27.7
2025-06-24,불낙전골,3,30.1,여름,33,47,34,44,38,32,False,False,False,27.7
2025-06-26,섞박지,2,28.6,여름,32,32,35,40,37,42,False,False,False,42.0
2025-06-26,오이부추무침,4,28.6,여름,32,32,35,40,37,42,False,False,False,21.0
2025-06-26,고추잡채,4,28.6,여름,32,32,35,40,37,42,False,False,False,21.0
2025-06-26,스파게티,4,28.6,여름,32,32,35,40,37,42,False,False,False,21.0
2025-06-26,마늘쫑볶음,5,28.6,여름,32,32,35,40,37,42,False,False,False,10.5
2025-06-27,메밀소바,2,31.7,여름,38,49,47,41,45,37,False,False,False,41.8
2025-06-27,완두콩밥,4,31.7,여름,38,49,47,41,45,37,False,False,False,20.9
2025-06-27,함박스테이크,4,31.7,여름,38,49,47,41,45,37,False,False,False,20.9
2025-06-27,숙주나물,4,31.7,여름,38,49,47,41,45,37,False,False,False,20.9
2025-06-27,돌나물무침,2,31.7,여름,38,49,47,41,45,37,False,False,False,41.8
2025-06-30,마늘빵,4,29.5,여름,46,32,34,49,38,44,False,False,False,23.3
2025-06-30,제육볶음,5,29.5,여름,46,32,34,49,38,44,False,False,False,11.6
2025-06-30,해물파전,3,29.5,여름,46,32,34,49,38,44,False,False,False,34.9
2025-06-30,짜장밥,3,29.5,여름,46,32,34,49,38,44,False,False,False,34.9
2025-06-30,해물콩나물찜,3,29.5,여름,46,32,34,49,38,44,False,False,False,34.9
2025-07-01,부추전,1,26.7,여름,38,42,42,37,34,33,False,False,False,53.9
2025-07-01,미역국,3,26.7,여름,38,42,42,37,34,33,False,False,False,32.3
2025-07-01,육개장,2,26.7,여름,38,42,42,37,34,33,False,False,False,43.1
2025-07-01,비빔밥,2,26.7,여름,38,42,42,37,34,33,False,False,False,43.1
2025-07-01,삼겹살구이,4,26.7,여름,38,42,42,37,34,33,False,False,False,21.6
2025-07-02,김치전,3,28.1,여름,40,33,48,38,35,40,False,False,False,33.7
2025-07-02,골뱅이무침,1,28.1,여름,40,33,48,38,35,40,False,False,False,56.2
2025-07-02,스크램블드에그,3,28.1,여름,40,33,48,38,35,40,False,False,False,33.7
2025-07-02,감자국,3,28.1,여름,40,33,48,38,35,40,False,False,False,33.7
2025-07-02,부추전,3,28.1,여름,40,33,48,38,35,40,False,False,False,33.7
2025-07-04,군만두,2,27.3,여름,32,44,30,36,34,44,False,False,False,42.0
2025-07-04,식빵튀김,5,27.3,여름,32,44,30,36,34,44,False,False,False,10.5
2025-07-04,단무지무침,3,27.3,여름,32,44,30,36,34,44,False,False,False,31.5
2025-07-04,달걀말이,4,27.3,여름,32,44,30,36,34,44,False,False,False,21.0
2025-07-04,핫도그,3,27.3,여름,32,44,30,36,34,44,False,False,False,31.5
2025-07-07,깻잎찜,2,30.0,여름,46,31,44,33,32,41,False,False,False,37.0
2025-07-07,해물탕,1,30.0,여름,46,31,44,33,32,41,False,False,False,46.3
2025-07-07,총각김치,4,30.0,여름,46,31,44,33,32,41,False,False,False,18.5
2025-07-07,비빔국수,4,30.0,여름,46,31,44,33,32,41,False,False,False,18.5
2025-07-07,카레라이스,5,30.0,여름,46,31,44,33,32,41,False,False,False,9.3
2025-07-09,떡볶이,4,29.3,여름,43,38,50,35,49,46,False,False,False,25.2
2025-07-09,비름나물,3,29.3,여름,43,38,50,35,49,46,False,False,False,37.8
2025-07-09,기장밥,4,29.3,여름,43,38,50,35,49,46,False,False,False,25.2
2025-07-09,김치전,2,29.3,여름,43,38,50,35,49,46,False,False,False,50.5
2025-07-09,검정콩밥,3,29.3,여름,43,38,50,35,49,46,False,False,False,37.8
2025-07-11,오이김치,2,26.1,여름,40,47,35,39,47,39,False,False,False,47.3
2025-07-11,과일샐러드,4,26.1,여름,40,47,35,39,47,39,False,False,False,23.7
2025-07-11,미트볼조림,2,26.1,여름,40,47,35,39,47,39,False,False,False,47.3
2025-07-11,재첩국,2,26.1,여름,40,47,35,39,47,39,False,False,False,47.3
2025-07-11,차조밥,3,26.1,여름,40,47,35,39,47,39,False,False,False,35.5
2025-07-14,돼지고기볶음,5,25.5,여름,43,47,48,37,44,49,False,False,False,12.9
2025-07-14,열무김치,4,25.5,여름,43,47,48,37,44,49,False,False,False,25.7
2025-07-14,콩나물잡채,3,25.5,여름,43,47,48,37,44,49,False,False,False,38.6
2025-07-14,닭죽,3,25.5,여름,43,47,48,37,44,49,False,False,False,38.6
2025-07-14,해물탕,2,25.5,여름,43,47,48,37,44,49,False,False,False,51.4
2025-08-18,호박전,4,31.1,여름,33,32,46,33,46,47,False,False,True,17.6
2025-08-18,꿀떡,2,31.1,여름,33,32,46,33,46,47,False,False,True,35.2
2025-08-18,깻잎김치,2,31.1,여름,33,32,46,33,46,47,False,False,True,35.2
2025-08-18,흑미밥,4,31.1,여름,33,32,46,33,46,47,False,False,True,17.6
2025-08-18,시금치나물,2,31.1,여름,33,32,46,33,46,47,False,False,True,35.2
2025-08-20,식혜,3,33.0,여름,37,44,31,49,49,44,False,False,False,31.1
2025-08-20,비빔국수,4,33.0,여름,37,44,31,49,49,44,False,False,False,20.7
2025-08-20,삼계탕,2,33.0,여름,37,44,31,49,49,44,False,False,False,41.4
2025-08-20,유채나물,2,33.0,여름,37,44,31,49,49,44,False,False,False,41.4
2025-08-20,갈비탕,5,33.0,여름,37,44,31,49,49,44,False,False,False,10.4
2025-08-22,절편,4,32.6,여름,32,38,30,38,42,47,False,False,False,18.6
2025-08-22,굴비구이,3,32.6,여름,32,38,30,38,42,47,False,False,False,27.8
2025-08-22,느타리버섯볶음,4,32.6,여름,32,38,30,38,42,47,False,False,False,18.6
2025-08-22,쌀밥,4,32.6,여름,32,38,30,38,42,47,False,False,False,18.6
2025-08-22,옥수수밥,3,32.6,여름,32,38,30,38,42,47,False,False,False,27.8
2025-08-25,오리불고기,4,29.9,여름,46,33,44,42,44,44,False,False,True,21.9
2025-08-25,함박스테이크,4,29.9,여름,46,33,44,42,44,44,False,False,True,21.9
2025-08-25,단무지,4,29.9,여름,46,33,44,42,44,44,False,False,True,21.9
2025-08-25,완두콩밥,3,29.9,여름,46,33,44,42,44,44,False,False,True,32.9
2025-08-25,식혜,4,29.9,여름,46,33,44,42,44,44,False,False,True,21.9
2025-08-26,미역국,1,31.3,여름,45,44,34,47,47,48,False,False,False,54.0
2025-08-26,계란빵,1,31.3,여름,45,44,34,47,47,48,False,False,False,54.0
2025-08-26,깻잎찜,2,31.3,여름,45,44,34,47,47,48,False,False,False,43.2
2025-08-26,감자국,3,31.3,여름,45,44,34,47,47,48,False,False,False,32.4
2025-08-26,콩비지찌개,1,31.3,여름,45,44,34,47,47,48,False,False,False,54.0
2025-08-27,오징어무침,3,32.0,여름,41,37,30,35,50,42,False,False,False,28.9
2025-08-27,보리밥,3,32.0,여름,41,37,30,35,50,42,False,False,False,28.9
2025-08-27,검정콩밥,2,32.0,여름,41,37,30,35,50,42,False,False,False,38.5
2025-08-27,귀리밥,3,32.0,여름,41,37,30,35,50,42,False,False,False,28.9
2025-08-27,고추잡채,4,32.0,여름,41,37,30,35,50,42,False,False,False,19.3
2025-08-28,닭다리조림,2,26.9,여름,31,39,30,35,41,33,False,False,False,40.1
2025-08-28,가자미구이,3,26.9,여름,31,39,30,35,41,33,False,False,False,30.1
2025-08-28,귀리밥,1,26.9,여름,31,39,30,35,41,33,False,False,False,50.1
2025-08-28,자장면,4,26.9,여름,31,39,30,35,41,33,False,False,False,20.0
2025-08-28,버섯전,4,26.9,여름,31,39,30,35,41,33,False,False,False,20.0
2025-08-29,함박스테이크,4,26.3,여름,35,45,30,45,42,33,False,False,False,21.9
2025-08-29,감자전,1,26.3,여름,35,45,30,45,42,33,False,False,False,54.8
2025-08-29,잡곡밥,1,26.3,여름,35,45,30,45,42,33,False,False,False,54.8
2025-08-29,닭다리조림,3,26.3,여름,35,45,30,45,42,33,False,False,False,32.9
2025-08-29,오이소박이,3,26.3,여름,35,45,30,45,42,33,False,False,False,32.9
2025-09-01,핫도그,2,13.3,가을,38,30,45,48,43,45,False,False,False,48.1
2025-09-01,만두탕수,1,13.3,가을,38,30,45,48,43,45,False,False,False,60.1
2025-09-01,짜장면,3,13.3,가을,38,30,45,48,43,45,False,False,False,36.1
2025-09-01,애호박나물,3,13.3,가을,38,30,45,48,43,45,False,False,False,36.1
2025-09-01,어묵국,3,13.3,가을,38,30,45,48,43,45,False,False,False,36.1
2025-09-02,고추잡채,2,10.3,가을,45,31,31,37,35,39,False,False,False,41.8
2025-09-02,갓김치,3,10.3,가을,45,31,31,37,35,39,False,False,False,31.3
2025-09-02,비빔밥,3,10.3,가을,45,31,31,37,35,39,False,False,False,31.3
2025-09-02,비빔국수,3,10.3,가을,45,31,31,37,35,39,False,False,False,31.3
2025-09-02,오이지무침,2,10.3,가을,45,31,31,37,35,39,False,False,False,41.8
2025-09-03,재첩국,3,14.5,가을,37,42,32,38,35,37,False,False,True,28.4
2025-09-03,폭찹,3,14.5,가을,37,42,32,38,35,37,False,False,True,28.4
2025-09-03,차조밥,4,14.5,가을,37,42,32,38,35,37,False,False,True,19.0
2025-09-03,완두콩밥,3,14.5,가을,37,42,32,38,35,37,False,False,True,28.4
2025-09-03,귀리밥,2,14.5,가을,37,42,32,38,35,37,False,False,True,37.9
2025-09-04,김말이튀김,5,17.6,가을,44,33,32,50,35,38,False,False,True,10.0
2025-09-04,식혜,3,17.6,가을,44,33,32,50,35,38,False,False,True,29.9
2025-09-04,오이김치,3,17.6,가을,44,33,32,50,35,38,False,False,True,29.9
2025-09-04,어묵국,3,17.6,가을,44,33,32,50,35,38,False,False,True,29.9
2025-09-04,기장밥,4,17.6,가을,44,33,32,50,35,38,False,False,True,19.9
2025-09-08,식빵튀김,5,10.3,가을,50,48,34,42,36,45,False,False,False,12.1
2025-09-08,감자튀김,5,10.3,가을,50,48,34,42,36,45,False,False,False,12.1
2025-09-08,오이김치,3,10.3,가을,50,48,34,42,36,45,False,False,False,36.4
2025-09-08,귀리밥,4,10.3,가을,50,48,34,42,36,45,False,False,False,24.2
2025-09-08,오이소박이,1,10.3,가을,50,48,34,42,36,45,False,False,False,60.6
2025-09-09,단무지무침,3,12.6,가을,50,34,44,34,35,43,False,False,False,34.5
2025-09-09,멘보샤,3,12.6,가을,50,34,44,34,35,43,False,False,False,34.5
2025-09-09,해물파전,2,12.6,가을,50,34,44,34,35,43,False,False,False,46.1
2025-09-09,김말이튀김,4,12.6,가을,50,34,44,34,35,43,False,False,False,23.0
2025-09-09,닭다리구이,1,12.6,가을,50,34,44,34,35,43,False,False,False,57.6
2025-09-10,유채나물,3,16.1,가을,39,37,45,32,35,37,False,False,False,32.4
2025-09-10,육개장,3,16.1,가을,39,37,45,32,35,37,False,False,False,32.4
2025-09-10,핫도그,4,16.1,가을,39,37,45,32,35,37,False,False,False,21.6
2025-09-10,파래무침,3,16.1,가을,39,37,45,32,35,37,False,False,False,32.4
2025-09-10,닭죽,2,16.1,가을,39,37,45,32,35,37,False,False,False,43.2
2025-09-11,팔보채,3,11.8,가을,42,31,40,47,43,48,False,False,False,36.3
2025-09-11,재첩국,2,11.8,가을,42,31,40,47,43,48,False,False,False,48.4
2025-09-11,귀리밥,3,11.8,가을,42,31,40,47,43,48,False,False,False,36.3
2025-09-11,삼치구이,2,11.8,가을,42,31,40,47,43,48,False,False,False,48.4
2025-09-11,닭죽,4,11.8,가을,42,31,40,47,43,48,False,False,False,24.2
2025-09-12,제육볶음,4,16.2,가을,45,37,43,41,48,31,False,False,False,23.6
2025-09-12,해물콩나물찜,4,16.2,가을,45,37,43,41,48,31,False,False,False,23.6
2025-09-12,가자미구이,4,16.2,가을,45,37,43,41,48,31,False,False,False,23.6
2025-09-12,깻잎김치,3,16.2,가을,45,37,43,41,48,31,False,False,False,35.4
2025-09-12,깻잎찜,4,16.2,가을,45,37,43,41,48,31,False,False,False,23.6
2025-09-15,기장밥,3,17.3,가을,34,36,45,35,45,38,False,False,False,33.8
2025-09-15,시금치나물,2,17.3,가을,34,36,45,35,45,38,False,False,False,45.0
2025-09-15,새우전,2,17.3,가을,34,36,45,35,45,38,False,False,False,45.0
2025-09-15,오징어튀김,4,17.3,가을,34,36,45,35,45,38,False,False,False,22.5
2025-09-15,배추김치,4,17.3,가을,34,36,45,35,45,38,False,False,False,22.5
2025-09-16,계란빵,3,16.4,가을,33,31,48,37,31,46,False,False,False,32.6
2025-09-16,닭강정,3,16.4,가을,33,31,48,37,31,46,False,False,False,32.6
2025-09-16,탕평채,4,16.4,가을,33,31,48,37,31,46,False,False,False,21.8
2025-09-16,비빔밥,1,16.4,가을,33,31,48,37,31,46,False,False,False,54.4
2025-09-16,골뱅이무침,1,16.4,가을,33,31,48,37,31,46,False,False,False,54.4
2025-09-17,기장밥,1,12.6,가을,41,31,31,43,31,49,False,False,False,54.1
2025-09-17,제육볶음,4,12.6,가을,41,31,31,43,31,49,False,False,False,21.6
2025-09-17,북어국,1,12.6,가을,41,31,31,43,31,49,False,False,False,54.1
2025-09-17,불낙전골,2,12.6,가을,41,31,31,43,31,49,False,False,False,43.3
2025-09-17,보리밥,4,12.6,가을,41,31,31,43,31,49,False,False,False,21.6
2025-09-18,무나물,3,15.3,가을,43,49,31,38,47,48,False,False,False,36.8
2025-09-18,마라탕,3,15.3,가을,43,49,31,38,47,48,False,False,False,36.8
2025-09-18,새송이버섯전,2,15.3,가을,43,49,31,38,47,48,False,False,False,49.0
2025-09-18,두부조림,2,15.3,가을,43,49,31,38,47,48,False,False,False,49.0
2025-09-18,현미밥,4,15.3,가을,43,49,31,38,47,48,False,False,False,24.5
2025-09-19,파래무침,3,12.6,가을,46,39,34,44,39,34,False,False,False,33.8
2025-09-19,닭꼬치구이,1,12.6,가을,46,39,34,44,39,34,False,False,False,56.3
2025-09-19,하이라이스,3,12.6,가을,46,39,34,44,39,34,False,False,False,33.8
2025-09-19,현미밥,1,12.6,가을,46,39,34,44,39,34,False,False,False,56.3
2025-09-19,연근조림,3,12.6,가을,46,39,34,44,39,34,False,False,False,33.8
2025-09-22,부추무침,3,13.4,가을,34,43,42,49,45,30,False,False,False,34.9
2025-09-22,팔보채,1,13.4,가을,34,43,42,49,45,30,False,False,False,58.2
2025-09-22,단무지,2,13.4,가을,34,43,42,49,45,30,False,False,False,46.5
2025-09-22,닭강정,4,13.4,가을,34,43,42,49,45,30,False,False,False,23.3
2025-09-22,탕수육,4,13.4,가을,34,43,42,49,45,30,False,False,False,23.3
2025-09-24,돼지고기볶음,5,14.7,가을,39,41,44,45,40,33,False,False,False,11.6
2025-09-24,닭다리조림,2,14.7,가을,39,41,44,45,40,33,False,False,False,46.3
2025-09-24,오징어튀김,5,14.7,가을,39,41,44,45,40,33,False,False,False,11.6
2025-09-24,배추김치,4,14.7,가을,39,41,44,45,40,33,False,False,False,23.2
2025-09-24,순대,3,14.7,가을,39,41,44,45,40,33,False,False,False,34.7
2025-09-25,새우전,2,15.7,가을,38,32,41,37,32,38,False,False,False,41.8
2025-09-25,모닝빵,2,15.7,가을,38,32,41,37,32,38,False,False,False,41.8
2025-09-25,섞박지,1,15.7,가을,38,32,41,37,32,38,False,False,False,52.3
2025-09-25,완자전,3,15.7,가을,38,32,41,37,32,38,False,False,False,31.4
2025-09-25,흑미밥,4,15.7,가을,38,32,41,37,32,38,False,False,False,20.9
2025-09-29,어묵볶음,5,13.0,가을,44,40,39,47,46,40,False,False,False,12.3
2025-09-29,하이라이스,3,13.0,가을,44,40,39,47,46,40,False,False,False,36.8
2025-09-29,부추전,1,13.0,가을,44,40,39,47,46,40,False,False,False,61.4
2025-09-29,오이김치,3,13.0,가을,44,40,39,47,46,40,False,False,False,36.8
2025-09-29,김말이튀김,5,13.0,가을,44,40,39,47,46,40,False,False,False,12.3
2025-09-30,크로와상,4,15.0,가을,31,34,47,45,46,30,False,False,False,22.5
2025-09-30,달걀찜,4,15.0,가을,31,34,47,45,46,30,False,False,False,22.5
2025-09-30,부대찌개,3,15.0,가을,31,34,47,45,46,30,False,False,False,33.7
2025-09-30,갈비탕,4,15.0,가을,31,34,47,45,46,30,False,False,False,22.5
2025-09-30,완두콩밥,2,15.0,가을,31,34,47,45,46,30,False,False,False,45.0
2025-10-01,오징어튀김,5,15.5,가을,47,31,33,45,34,47,False,False,False,11.3
2025-10-01,식혜,4,15.5,가을,47,31,33,45,34,47,False,False,False,22.7
2025-10-01,북어국,4,15.5,가을,47,31,33,45,34,47,False,False,False,22.7
2025-10-01,마늘쫑볶음,4,15.5,가을,47,31,33,45,34,47,False,False,False,22.7
2025-10-01,단무지,3,15.5,가을,47,31,33,45,34,47,False,False,False,34.0
2025-10-02,제육볶음,4,17.1,가을,45,41,30,43,46,39,False,False,False,23.4
2025-10-02,고등어구이,4,17.1,가을,45,41,30,43,46,39,False,False,False,23.4
2025-10-02,마늘쫑볶음,5,17.1,가을,45,41,30,43,46,39,False,False,False,11.7
2025-10-02,떡볶이,5,17.1,가을,45,41,30,43,46,39,False,False,False,11.7
2025-10-02,검정콩밥,4,17.1,가을,45,41,30,43,46,39,False,False,False,23.4
2025-10-03,깻잎김치,2,13.6,가을,38,47,49,49,47,44,False,False,False,52.6
2025-10-03,설렁탕,2,13.6,가을,38,47,49,49,47,44,False,False,False,52.6
2025-10-03,자장면,2,13.6,가을,38,47,49,49,47,44,False,False,False,52.6
2025-10-03,잡채,3,13.6,가을,38,47,49,49,47,44,False,False,False,39.4
2025-10-03,완두콩밥,3,13.6,가을,38,47,49,49,47,44,False,False,False,39.4
2025-10-07,쌀밥,3,10.4,가을,40,35,35,43,40,32,False,False,False,32.3
2025-10-07,과일샐러드,4,10.4,가을,40,35,35,43,40,32,False,False,False,21.6
2025-10-07,마라탕,1,10.4,가을,40,35,35,43,40,32,False,False,False,53.9
2025-10-07,두부조림,3,10.4,가을,40,35,35,43,40,32,False,False,False,32.3
2025-10-07,감자국,3,10.4,가을,40,35,35,43,40,32,False,False,False,32.3
2025-10-08,떡국,2,12.3,가을,37,43,32,32,38,33,False,False,False,41.1
2025-10-08,시금치나물,3,12.3,가을,37,43,32,32,38,33,False,False,False,30.8
2025-10-08,오이소박이,4,12.3,가을,37,43,32,32,38,33,False,False,False,20.5
2025-10-08,고추잡채,1,12.3,가을,37,43,32,32,38,33,False,False,False,51.3
2025-10-08,육개장,3,12.3,가을,37,43,32,32,38,33,False,False,False,30.8
2025-10-09,어묵볶음,5,16.6,가을,37,34,40,46,36,49,False,False,False,11.6
2025-10-09,골뱅이무침,2,16.6,가을,37,34,40,46,36,49,False,False,False,46.5
2025-10-09,메밀소바,2,16.6,가을,37,34,40,46,36,49,False,False,False,46.5
2025-10-09,닭볶음,5,16.6,가을,37,34,40,46,36,49,False,False,False,11.6
2025-10-09,두부조림,1,16.6,가을,37,34,40,46,36,49,False,False,False,58.1
2025-10-10,고등어구이,4,14.7,가을,46,40,33,33,47,47,False,False,False,23.7
2025-10-10,해물콩나물찜,4,14.7,가을,46,40,33,33,47,47,False,False,False,23.7
2025-10-10,콩비지찌개,4,14.7,가을,46,40,33,33,47,47,False,False,False,23.7
2025-10-10,백김치,4,14.7,가을,46,40,33,33,47,47,False,False,False,23.7
2025-10-10,느타리버섯볶음,5,14.7,가을,46,40,33,33,47,47,False,False,False,11.8
2025-10-13,짜장면,3,11.1,가을,46,33,31,31,45,39,False,True,False,22.8
2025-10-13,하이라이스,4,11.1,가을,46,33,31,31,45,39,False,True,False,15.2
2025-10-13,가자미튀김,5,11.1,가을,46,33,31,31,45,39,False,True,False,7.6
2025-10-13,총각김치,4,11.1,가을,46,33,31,31,45,39,False,True,False,15.2
2025-10-13,잡곡밥,1,11.1,가을,46,33,31,31,45,39,False,True,False,37.9
2025-10-14,불낙전골,3,14.5,가을,34,50,31,47,49,38,False,False,False,35.7
2025-10-14,짜장면,1,14.5,가을,34,50,31,47,49,38,False,False,False,59.5
2025-10-14,오이지무침,4,14.5,가을,34,50,31,47,49,38,False,False,False,23.8
2025-10-14,새우전,3,14.5,가을,34,50,31,47,49,38,False,False,False,35.7
2025-10-14,감자튀김,4,14.5,가을,34,50,31,47,49,38,False,False,False,23.8
2025-10-15,식빵튀김,5,17.6,가을,47,41,46,40,45,30,False,False,False,11.9
2025-10-15,닭다리조림,1,17.6,가을,47,41,46,40,45,30,False,False,False,59.7
2025-10-15,두부조림,4,17.6,가을,47,41,46,40,45,30,False,False,False,23.9
2025-10-15,총각김치,2,17.6,가을,47,41,46,40,45,30,False,False,False,47.7
2025-10-15,노각무침,2,17.6,가을,47,41,46,40,45,30,False,False,False,47.7
2025-10-16,꼬리곰탕,3,13.8,가을,33,39,40,41,50,42,False,False,True,31.9
2025-10-16,보리밥,1,13.8,가을,33,39,40,41,50,42,False,False,True,53.2
2025-10-16,곤드레밥,1,13.8,가을,33,39,40,41,50,42,False,False,True,53.2
2025-10-16,무생채,4,13.8,가을,33,39,40,41,50,42,False,False,True,21.3
2025-10-16,임연수구이,1,13.8,가을,33,39,40,41,50,42,False,False,True,53.2
2025-10-17,쫄면,4,10.6,가을,36,36,46,38,43,44,False,False,False,23.4
2025-10-17,콘치즈구이,5,10.6,가을,36,36,46,38,43,44,False,False,False,11.7
2025-10-17,오이부추무침,2,10.6,가을,36,36,46,38,43,44,False,False,False,46.9
2025-10-17,돼지갈비찜,5,10.6,가을,36,36,46,38,43,44,False,False,False,11.7
2025-10-17,꽃게탕,3,10.6,가을,36,36,46,38,43,44,False,False,False,35.2
2025-10-20,감자튀김,5,13.3,가을,39,48,42,32,37,31,False,False,False,10.9
2025-10-20,짜장면,3,13.3,가을,39,48,42,32,37,31,False,False,False,32.7
2025-10-20,불낙전골,4,13.3,가을,39,48,42,32,37,31,False,False,False,21.8
2025-10-20,잡곡밥,4,13.3,가을,39,48,42,32,37,31,False,False,False,21.8
2025-10-20,임연수구이,4,13.3,가을,39,48,42,32,37,31,False,False,False,21.8
2025-10-21,비빔국수,4,14.5,가을,43,46,43,48,39,38,False,False,False,24.5
2025-10-21,미숫가루,2,14.5,가을,43,46,43,48,39,38,False,False,False,49.0
2025-10-21,귀리밥,3,14.5,가을,43,46,43,48,39,38,False,False,False,36.8
2025-10-21,오이생채,2,14.5,가을,43,46,43,48,39,38,False,False,False,49.0
2025-10-21,오이부추무침,4,14.5,가을,43,46,43,48,39,38,False,False,False,24.5
2025-10-22,콩나물국,3,17.4,가을,31,33,44,31,40,31,False,False,False,30.4
2025-10-22,시금치나물,1,17.4,가을,31,33,44,31,40,31,False,False,False,50.7
2025-10-22,돼지갈비찜,5,17.4,가을,31,33,44,31,40,31,False,False,False,10.1
2025-10-22,피자,3,17.4,가을,31,33,44,31,40,31,False,False,False,30.4
2025-10-22,닭곰탕,1,17.4,가을,31,33,44,31,40,31,False,False,False,50.7
2025-10-23,삼치구이,4,16.7,가을,38,40,39,34,34,37,False,False,False,21.2
2025-10-23,고등어구이,3,16.7,가을,38,40,39,34,34,37,False,False,False,31.8
2025-10-23,햄전,4,16.7,가을,38,40,39,34,34,37,False,False,False,21.2
2025-10-23,군만두,4,16.7,가을,38,40,39,34,34,37,False,False,False,21.2
2025-10-23,숙주나물,3,16.7,가을,38,40,39,34,34,37,False,False,False,31.8
2025-10-24,돼지갈비찜,5,12.1,가을,44,49,41,48,47,36,True,False,False,13.9
2025-10-24,잡채,1,12.1,가을,44,49,41,48,47,36,True,False,False,69.6
2025-10-24,과일샐러드,2,12.1,가을,44,49,41,48,47,36,True,False,False,55.7
2025-10-24,절편,4,12.1,가을,44,49,41,48,47,36,True,False,False,27.8
2025-10-24,팔보채,2,12.1,가을,44,49,41,48,47,36,True,False,False,55.7
2025-10-27,된장찌개,1,15.9,가을,42,41,43,49,48,31,False,False,False,60.9
2025-10-27,시금치나물,4,15.9,가을,42,41,43,49,48,31,False,False,False,24.4
2025-10-27,게맛살튀김,5,15.9,가을,42,41,43,49,48,31,False,False,False,12.2
2025-10-27,짜장면,3,15.9,가을,42,41,43,49,48,31,False,False,False,36.5
2025-10-27,스크램블드에그,1,15.9,가을,42,41,43,49,48,31,False,False,False,60.9
2025-10-28,햄전,4,16.8,가을,45,48,46,34,35,46,False,False,False,24.2
2025-10-28,설렁탕,4,16.8,가을,45,48,46,34,35,46,False,False,False,24.2
2025-10-28,군만두,4,16.8,가을,45,48,46,34,35,46,False,False,False,24.2
2025-10-28,애호박나물,3,16.8,가을,45,48,46,34,35,46,False,False,False,36.4
2025-10-28,게맛살튀김,4,16.8,가을,45,48,46,34,35,46,False,False,False,24.2
2025-10-29,꿀떡,3,13.1,가을,50,44,44,37,39,41,False,False,False,36.5
2025-10-29,부추무침,4,13.1,가을,50,44,44,37,39,41,False,False,False,24.4
2025-10-29,바지락 미역국,3,13.1,가을,50,44,44,37,39,41,False,False,False,36.5
2025-10-29,삼겹살구이,4,13.1,가을,50,44,44,37,39,41,False,False,False,24.4
2025-10-29,오이지무침,3,13.1,가을,50,44,44,37,39,41,False,False,False,36.5
2025-10-30,핫도그,3,10.1,가을,50,45,47,34,37,39,False,False,False,36.1
2025-10-30,무나물,4,10.1,가을,50,45,47,34,37,39,False,False,False,24.1
2025-10-30,해물파전,2,10.1,가을,50,45,47,34,37,39,False,False,False,48.1
2025-10-30,잡채,1,10.1,가을,50,45,47,34,37,39,False,False,False,60.1
2025-10-30,곤드레밥,3,10.1,가을,50,45,47,34,37,39,False,False,False,36.1
2025-10-31,돌나물무침,2,11.6,가을,48,36,49,32,50,39,False,False,False,49.1
2025-10-31,햄전,3,11.6,가을,48,36,49,32,50,39,False,False,False,36.8
2025-10-31,부추무침,2,11.6,가을,48,36,49,32,50,39,False,False,False,49.1
2025-10-31,잡곡밥,3,11.6,가을,48,36,49,32,50,39,False,False,False,36.8
2025-10-31,완두콩밥,4,11.6,가을,48,36,49,32,50,39,False,False,False,24.6
2025-11-03,시금치나물,4,16.5,가을,36,49,42,37,40,36,False,True,False,16.0
2025-11-03,닭죽,3,16.5,가을,36,49,42,37,40,36,False,True,False,24.1
2025-11-03,새송이버섯전,4,16.5,가을,36,49,42,37,40,36,False,True,False,16.0
2025-11-03,카레라이스,5,16.5,가을,36,49,42,37,40,36,False,True,False,8.0
2025-11-03,부대찌개,4,16.5,가을,36,49,42,37,40,36,False,True,False,16.0
2025-11-04,삼치구이,4,14.8,가을,38,39,49,48,39,32,False,False,True,21.1
2025-11-04,삼겹살구이,4,14.8,가을,38,39,49,48,39,32,False,False,True,21.1
2025-11-04,달걀찜,3,14.8,가을,38,39,49,48,39,32,False,False,True,31.7
2025-11-04,감자튀김,4,14.8,가을,38,39,49,48,39,32,False,False,True,21.1
2025-11-04,돼지고기볶음,4,14.8,가을,38,39,49,48,39,32,False,False,True,21.1
2025-11-05,어묵볶음,4,10.3,가을,49,47,39,35,31,31,False,False,False,22.0
2025-11-05,탕수육,5,10.3,가을,49,47,39,35,31,31,False,False,False,11.0
2025-11-05,오징어무침,3,10.3,가을,49,47,39,35,31,31,False,False,False,33.0
2025-11-05,스파게티,2,10.3,가을,49,47,39,35,31,31,False,False,False,44.0
2025-11-05,비빔국수,3,10.3,가을,49,47,39,35,31,31,False,False,False,33.0
2025-11-06,미역줄기볶음,5,17.4,가을,43,38,35,47,36,42,False,False,False,11.5
2025-11-06,닭꼬치구이,1,17.4,가을,43,38,35,47,36,42,False,False,False,57.5
2025-11-06,재첩국,3,17.4,가을,43,38,35,47,36,42,False,False,False,34.5
2025-11-06,닭곰탕,3,17.4,가을,43,38,35,47,36,42,False,False,False,34.5
2025-11-06,순대,4,17.4,가을,43,38,35,47,36,42,False,False,False,23.0
2025-11-07,바지락 미역국,2,12.1,가을,50,46,35,45,47,32,False,False,False,48.7
2025-11-07,김말이튀김,4,12.1,가을,50,46,35,45,47,32,False,False,False,24.3
2025-11-07,꿀떡,2,12.1,가을,50,46,35,45,47,32,False,False,False,48.7
2025-11-07,피자,2,12.1,가을,50,46,35,45,47,32,False,False,False,48.7
2025-11-07,돼지고기볶음,5,12.1,가을,50,46,35,45,47,32,False,False,False,12.2
2025-11-11,백김치,2,17.2,가을,42,38,33,37,36,48,False,False,False,44.8
2025-11-11,군만두,3,17.2,가을,42,38,33,37,36,48,False,False,False,33.6
2025-11-11,보쌈김치,4,17.2,가을,42,38,33,37,36,48,False,False,False,22.4
2025-11-11,만두탕수,4,17.2,가을,42,38,33,37,36,48,False,False,False,22.4
2025-11-11,미트볼조림,4,17.2,가을,42,38,33,37,36,48,False,False,False,22.4
2025-11-12,비빔국수,3,10.5,가을,42,41,45,39,42,32,False,True,False,24.2
2025-11-12,멘보샤,3,10.5,가을,42,41,45,39,42,32,False,True,False,24.2
2025-11-12,열무김치,2,10.5,가을,42,41,45,39,42,32,False,True,False,32.3
2025-11-12,쌀밥,4,10.5,가을,42,41,45,39,42,32,False,True,False,16.2
2025-11-12,콩나물무침,3,10.5,가을,42,41,45,39,42,32,False,True,False,24.2
2025-11-13,돌나물무침,3,12.4,가을,36,42,33,31,49,50,False,False,False,34.9
2025-11-13,꼬리곰탕,4,12.4,가을,36,42,33,31,49,50,False,False,False,23.3
2025-11-13,돼지갈비찜,5,12.4,가을,36,42,33,31,49,50,False,False,False,11.6
2025-11-13,무나물,3,12.4,가을,36,42,33,31,49,50,False,False,False,34.9
2025-11-13,닭다리조림,2,12.4,가을,36,42,33,31,49,50,False,False,False,46.5
2025-11-14,떡만두국,1,16.3,가을,44,49,39,41,40,30,False,False,True,52.0
2025-11-14,스파게티,4,16.3,가을,44,49,39,41,40,30,False,False,True,20.8
2025-11-14,게맛살튀김,5,16.3,가을,44,49,39,41,40,30,False,False,True,10.4
2025-11-14,닭죽,4,16.3,가을,44,49,39,41,40,30,False,False,True,20.8
2025-11-14,닭꼬치구이,1,16.3,가을,44,49,39,41,40,30,False,False,True,52.0
2025-11-17,백김치,2,12.1,가을,32,41,32,47,47,36,False,False,False,45.1
2025-11-17,삼치구이,2,12.1,가을,32,41,32,47,47,36,False,False,False,45.1
2025-11-17,연근조림,3,12.1,가을,32,41,32,47,47,36,False,False,False,33.8
2025-11-17,콩나물무침,2,12.1,가을,32,41,32,47,47,36,False,False,False,45.1
2025-11-17,게맛살튀김,5,12.1,가을,32,41,32,47,47,36,False,False,False,11.3
2025-11-18,돌나물무침,4,16.1,가을,38,36,44,43,48,34,False,False,False,23.4
2025-11-18,무말랭이무침,3,16.1,가을,38,36,44,43,48,34,False,False,False,35.1
2025-11-18,어묵국,3,16.1,가을,38,36,44,43,48,34,False,False,False,35.1
2025-11-18,떡볶이,5,16.1,가을,38,36,44,43,48,34,False,False,False,11.7
2025-11-18,닭볶음,4,16.1,가을,38,36,44,43,48,34,False,False,False,23.4
2025-11-19,곤드레밥,2,11.4,가을,45,47,42,36,34,48,False,False,False,48.0
2025-11-19,하이라이스,3,11.4,가을,45,47,42,36,34,48,False,False,False,36.0
2025-11-19,깻잎찜,3,11.4,가을,45,47,42,36,34,48,False,False,False,36.0
2025-11-19,탕수육,5,11.4,가을,45,47,42,36,34,48,False,False,False,12.0
2025-11-19,된장찌개,4,11.4,가을,45,47,42,36,34,48,False,False,False,24.0
2025-11-20,절편,3,14.3,가을,38,32,42,42,50,32,False,False,False,34.2
2025-11-20,단무지무침,3,14.3,가을,38,32,42,42,50,32,False,False,False,34.2
2025-11-20,오리불고기,4,14.3,가을,38,32,42,42,50,32,False,False,False,22.8
2025-11-20,게맛살튀김,4,14.3,가을,38,32,42,42,50,32,False,False,False,22.8
2025-11-20,보리밥,3,14.3,가을,38,32,42,42,50,32,False,False,False,34.2
2025-11-21,해물콩나물찜,3,10.8,가을,42,35,31,36,48,33,False,False,False,32.5
2025-11-21,혼합잡곡밥,2,10.8,가을,42,35,31,36,48,33,False,False,False,43.3
2025-11-21,과일샐러드,4,10.8,가을,42,35,31,36,48,33,False,False,False,21.7
2025-11-21,닭다리조림,2,10.8,가을,42,35,31,36,48,33,False,False,False,43.3
2025-11-21,달걀찜,3,10.8,가을,42,35,31,36,48,33,False,False,False,32.5
2025-11-24,미역국,4,17.2,가을,32,49,32,49,37,41,False,False,False,22.8
2025-11-24,버섯전,3,17.2,가을,32,49,32,49,37,41,False,False,False,34.2
2025-11-24,닭강정,3,17.2,가을,32,49,32,49,37,41,False,False,False,34.2
2025-11-24,돼지고기볶음,5,17.2,가을,32,49,32,49,37,41,False,False,False,11.4
2025-11-24,치즈볼,5,17.2,가을,32,49,32,49,37,41,False,False,False,11.4
2025-11-25,마늘쫑볶음,5,11.8,가을,30,50,37,37,49,47,False,False,False,12.0
2025-11-25,배추김치,4,11.8,가을,30,50,37,37,49,47,False,False,False,24.0
2025-11-25,비빔국수,3,11.8,가을,30,50,37,37,49,47,False,False,False,36.0
2025-11-25,가자미구이,3,11.8,가을,30,50,37,37,49,47,False,False,False,36.0
2025-11-25,고등어구이,2,11.8,가을,30,50,37,37,49,47,False,False,False,48.0
2025-11-26,팔보채,4,10.7,가을,36,36,30,49,36,43,False,True,False,15.4
2025-11-26,모닝빵,1,10.7,가을,36,36,30,49,36,43,False,True,False,38.5
2025-11-26,쌀국수,3,10.7,가을,36,36,30,49,36,43,False,True,False,23.1
2025-11-26,닭곰탕,3,10.7,가을,36,36,30,49,36,43,False,True,False,23.1
2025-11-26,군만두,4,10.7,가을,36,36,30,49,36,43,False,True,False,15.4
2025-11-27,노각무침,4,13.7,가을,39,33,47,50,38,30,False,False,False,22.7
2025-11-27,과일샐러드,3,13.7,가을,39,33,47,50,38,30,False,False,False,34.1
2025-11-27,닭다리조림,4,13.7,가을,39,33,47,50,38,30,False,False,False,22.7
2025-11-27,새우전,3,13.7,가을,39,33,47,50,38,30,False,False,False,34.1
2025-11-27,절편,3,13.7,가을,39,33,47,50,38,30,False,False,False,34.1
2025-11-28,어묵볶음,5,11.0,가을,32,42,34,35,49,40,False,False,False,11.2
2025-11-28,비름나물,4,11.0,가을,32,42,34,35,49,40,False,False,False,22.4
2025-11-28,오리불고기,2,11.0,가을,32,42,34,35,49,40,False,False,False,44.7
2025-11-28,스크램블드에그,3,11.0,가을,32,42,34,35,49,40,False,False,False,33.5
2025-11-28,떡볶이,5,11.0,가을,32,42,34,35,49,40,False,False,False,11.2
2025-12-01,닭죽,1,3.2,겨울,35,50,39,30,47,36,False,False,False,56.8
2025-12-01,닭볶음,5,3.2,겨울,35,50,39,30,47,36,False,False,False,11.4
2025-12-01,단무지,3,3.2,겨울,35,50,39,30,47,36,False,False,False,34.1
2025-12-01,보리밥,2,3.2,겨울,35,50,39,30,47,36,False,False,False,45.4
2025-12-01,스크램블드에그,4,3.2,겨울,35,50,39,30,47,36,False,False,False,22.7
2025-12-02,배추김치,4,-1.6,겨울,32,42,47,35,44,40,False,False,False,23.1
2025-12-02,꿀떡,3,-1.6,겨울,32,42,47,35,44,40,False,False,False,34.7
2025-12-02,미숫가루,4,-1.6,겨울,32,42,47,35,44,40,False,False,False,23.1
2025-12-02,숙주나물,2,-1.6,겨울,32,42,47,35,44,40,False,False,False,46.2
2025-12-02,꽃게탕,3,-1.6,겨울,32,42,47,35,44,40,False,False,False,34.7
2025-12-03,미역줄기볶음,4,2.5,겨울,40,47,48,30,47,39,False,False,False,24.1
2025-12-03,불낙전골,4,2.5,겨울,40,47,48,30,47,39,False,False,False,24.1
2025-12-03,완자전,4,2.5,겨울,40,47,48,30,47,39,False,False,False,24.1
2025-12-03,육개장,4,2.5,겨울,40,47,48,30,47,39,False,False,False,24.1
2025-12-03,무나물,4,2.5,겨울,40,47,48,30,47,39,False,False,False,24.1
2025-12-04,새우튀김,5,3.1,겨울,41,31,47,41,47,37,False,False,False,11.8
2025-12-04,호박전,3,3.1,겨울,41,31,47,41,47,37,False,False,False,35.4
2025-12-04,식혜,4,3.1,겨울,41,31,47,41,47,37,False,False,False,23.6
2025-12-04,배추김치,2,3.1,겨울,41,31,47,41,47,37,False,False,False,47.2
2025-12-04,나박김치,4,3.1,겨울,41,31,47,41,47,37,False,False,False,23.6
2025-12-05,미숫가루,3,3.8,겨울,45,36,43,50,33,38,False,False,False,35.1
2025-12-05,감자국,3,3.8,겨울,45,36,43,50,33,38,False,False,False,35.1
2025-12-05,팔보채,2,3.8,겨울,45,36,43,50,33,38,False,False,False,46.8
2025-12-05,완자전,4,3.8,겨울,45,36,43,50,33,38,False,False,False,23.4
2025-12-05,스파게티,3,3.8,겨울,45,36,43,50,33,38,False,False,False,35.1
2025-12-08,감자튀김,4,4.4,겨울,31,43,42,45,42,32,False,False,True,20.3
2025-12-08,미숫가루,3,4.4,겨울,31,43,42,45,42,32,False,False,True,30.4
2025-12-08,애호박전,4,4.4,겨울,31,43,42,45,42,32,False,False,True,20.3
2025-12-08,골뱅이무침,3,4.4,겨울,31,43,42,45,42,32,False,False,True,30.4
2025-12-08,육개장,4,4.4,겨울,31,43,42,45,42,32,False,False,True,20.3
2025-12-10,총각김치,1,1.3,겨울,34,45,45,36,30,34,False,False,False,53.3
2025-12-10,오징어무침,4,1.3,겨울,34,45,45,36,30,34,False,False,False,21.3
2025-12-10,닭볶음,4,1.3,겨울,34,45,45,36,30,34,False,False,False,21.3
2025-12-10,쌀밥,3,1.3,겨울,34,45,45,36,30,34,False,False,False,32.0
2025-12-10,깍두기,1,1.3,겨울,34,45,45,36,30,34,False,False,False,53.3
2025-12-11,떡만두국,4,-0.5,겨울,45,32,38,49,38,37,False,False,False,22.9
2025-12-11,미트볼조림,4,-0.5,겨울,45,32,38,49,38,37,False,False,False,22.9
2025-12-11,새송이버섯전,4,-0.5,겨울,45,32,38,49,38,37,False,False,False,22.9
2025-12-11,설렁탕,3,-0.5,겨울,45,32,38,49,38,37,False,False,False,34.4
2025-12-11,두부김치,3,-0.5,겨울,45,32,38,49,38,37,False,False,False,34.4
2025-12-12,오이부추무침,3,0.2,겨울,44,36,43,32,47,43,False,False,False,35.5
2025-12-12,삼치구이,4,0.2,겨울,44,36,43,32,47,43,False,False,False,23.7
2025-12-12,굴비구이,3,0.2,겨울,44,36,43,32,47,43,False,False,False,35.5
2025-12-12,오이소박이,4,0.2,겨울,44,36,43,32,47,43,False,False,False,23.7
2025-12-12,모닝빵,1,0.2,겨울,44,36,43,32,47,43,False,False,False,59.1
2025-12-15,절편,3,-1.5,겨울,48,32,30,37,41,50,False,True,False,24.0
2025-12-15,해물탕,4,-1.5,겨울,48,32,30,37,41,50,False,True,False,16.0
2025-12-15,콘치즈구이,4,-1.5,겨울,48,32,30,37,41,50,False,True,False,16.0
2025-12-15,만두탕수,4,-1.5,겨울,48,32,30,37,41,50,False,True,False,16.0
2025-12-15,마라탕,3,-1.5,겨울,48,32,30,37,41,50,False,True,False,24.0
2025-12-16,삼치구이,3,3.5,겨울,38,33,37,34,40,45,False,False,False,32.8
2025-12-16,혼합잡곡밥,4,3.5,겨울,38,33,37,34,40,45,False,False,False,21.9
2025-12-16,쌀국수,2,3.5,겨울,38,33,37,34,40,45,False,False,False,43.8
2025-12-16,잡곡밥,4,3.5,겨울,38,33,37,34,40,45,False,False,False,21.9
2025-12-16,닭튀김,5,3.5,겨울,38,33,37,34,40,45,False,False,False,10.9
2025-12-17,시금치나물,3,4.6,겨울,39,39,34,38,45,31,False,False,False,32.5
2025-12-17,탕평채,3,4.6,겨울,39,39,34,38,45,31,False,False,False,32.5
2025-12-17,크로와상,4,4.6,겨울,39,39,34,38,45,31,False,False,False,21.7
2025-12-17,청국장찌개,4,4.6,겨울,39,39,34,38,45,31,False,False,False,21.7
2025-12-17,새우전,3,4.6,겨울,39,39,34,38,45,31,False,False,False,32.5
2025-12-18,콩나물잡채,3,-1.0,겨울,30,41,50,44,44,34,False,True,False,24.5
2025-12-18,쌀밥,3,-1.0,겨울,30,41,50,44,44,34,False,True,False,24.5
2025-12-18,돼지갈비찜,5,-1.0,겨울,30,41,50,44,44,34,False,True,False,8.2
2025-12-18,떡볶이,4,-1.0,겨울,30,41,50,44,44,34,False,True,False,16.4
2025-12-18,폭찹,3,-1.0,겨울,30,41,50,44,44,34,False,True,False,24.5
